month,Portfolios BV returns (%),Portfolios BN returns (%),Portfolios BG returns (%),Portfolios SV returns (%),Portfolios SN returns (%),Portfolios SG returns (%)
Apr-14,NA,0.262471468,0.172784289,13.21524906,6.550438865,5.111011725
May-14,NA,23.10245467,7.275462682,27.55267346,24.28867662,15.81041127
Jun-14,NA,1.873951124,7.745937546,18.65245713,16.83986654,13.02358606
Jul-14,NA,-3.014670784,1.413907116,-7.500654952,-2.044578407,2.165994947
Aug-14,NA,-2.39689073,4.203747524,-0.729518657,4.765247305,4.484203186
Sep-14,NA,-4.79182168,3.455199554,1.953155325,5.545176865,3.286580694
Oct-14,NA,7.189959082,0.676522079,3.616625823,2.293670087,2.261790396
Nov-14,NA,0.191770748,1.741457161,2.353804427,2.126933282,4.003985602
Dec-14,NA,-6.204873565,-1.821190076,-4.123237214,-0.634524834,1.336410619
Jan-15,NA,1.446858189,6.767270356,4.883910062,4.120644844,3.997066026
Feb-15,NA,-2.220153151,2.018135536,0.399127039,-1.352608714,0.457713546
Mar-15,NA,-3.75916483,-1.239631213,-6.802795595,-3.42833667,-1.070688341
Apr-15,NA,1.66826325,-4.3389234,2.195163448,1.153429773,-0.621715976
May-15,NA,0.367239802,4.504167631,-0.368277677,1.956694305,3.483203342
Jun-15,NA,3.209141783,-1.750265644,-3.386665175,0.47430516,-2.319615948
Jul-15,NA,2.117056625,2.113400449,16.48495648,12.91810299,10.09099704
Aug-15,NA,-11.94340945,-3.869929713,-10.80904268,-8.220900418,-7.422931329
Sep-15,1.556774246,0.111775491,-0.767720283,1.094919443,1.779947062,-0.217440798
Oct-15,10.91657016,6.007564114,0.551807002,8.566245448,7.670153372,3.152331366
Nov-15,-4.114120952,-0.392886225,-2.109492506,6.40924155,6.67091978,3.549351771
Dec-15,11.57814124,3.32047242,0.727344729,4.835004775,3.732660495,2.767656516
Jan-16,-14.36593379,-4.775754928,-4.832294755,-10.17846657,-9.559710544,-8.978343283
Feb-16,-10.80169877,-8.190775725,-6.582528034,-18.95193921,-16.22333478,-14.47443657
Mar-16,20.12260568,12.02999099,9.792009124,12.0637713,13.86643802,9.930121481
Apr-16,8.01939844,1.873266399,1.807689143,9.762656235,6.697997875,4.820956283
May-16,-5.543161897,-1.056193545,2.399026097,0.712768344,-0.416966601,0.300991263
Jun-16,0.78605569,4.88575751,2.710093477,10.89313522,8.078139441,6.226623746
Jul-16,8.596829895,6.478921933,4.201659659,5.395429058,4.620233955,3.286835245
Aug-16,2.001796977,3.665306601,0.174783716,-2.346783654,3.205421274,2.665721002
Sep-16,-1.868792205,1.172466308,-1.233543726,0.142692293,1.739324473,0.264476538
Oct-16,9.035591361,4.949435548,0.651367797,14.32593412,10.29367186,6.558933697
Nov-16,4.240014083,-1.209790082,-6.443476326,-11.76381179,-9.272228564,-7.379776949
Dec-16,-3.410215844,0.798046245,-1.289205057,-2.259222873,-1.441289392,-0.968173974
Jan-17,14.27998844,8.418835643,3.085300263,12.32202641,8.264663754,5.757272965
Feb-17,3.770740587,5.299393279,3.887325587,5.535666959,3.663385205,4.189345947
Mar-17,3.702787355,1.607104366,3.478935166,4.458666922,6.142762654,3.099359327
Apr-17,-2.533880605,4.417273468,0.724805691,10.6955613,6.439802959,5.493967969
May-17,-3.233358234,-3.305326338,2.772362029,-7.5391446,-0.739137688,-2.540589295
Jun-17,1.867173305,-1.582482558,0.008539715,2.988665289,1.76243474,1.395898146
Jul-17,10.03748847,6.973666123,3.086882964,9.80146831,5.844995059,2.947284864
Aug-17,5.739896983,3.474465333,-0.97519146,-2.117903079,-0.700494269,-1.819765703
Sep-17,1.58710156,-2.524472286,-0.643196285,-0.394914852,1.361951071,-0.555158061
Oct-17,12.10528744,11.01471418,6.453857327,15.41018827,12.64286279,6.91996956
Nov-17,-3.686359959,-0.87415771,0.422545249,1.919596555,5.326505114,5.402286798
Dec-17,10.94956684,3.847840707,4.759937605,10.1969988,5.553670696,5.238987171
Jan-18,-0.660534646,0.887186139,0.517414676,-3.853736325,-2.32662313,-2.726727811
Feb-18,-3.738470348,-3.213378892,-2.58791796,-7.136412449,-3.684441231,-2.937100852
Mar-18,-10.82866626,-5.034593924,-3.12828603,-12.00229878,-7.784059291,-6.569391875
Apr-18,6.856631722,4.692921358,8.402136494,7.081870426,8.392093075,7.233368636
May-18,-5.81635666,-1.973015903,-3.15462523,-8.123260229,-8.39300606,-6.7098179
Jun-18,-5.15883617,-2.682675184,-0.293847141,-11.88493456,-8.645772265,-6.65246751
Jul-18,-1.519581567,7.381593938,5.213306918,5.137225856,2.313443617,2.609078138
Aug-18,5.730631581,4.906810078,5.115562364,3.506322177,3.639066973,4.356636813
Sep-18,-8.825117964,-2.853496228,-7.762909565,-18.69680809,-16.54569276,-14.19985537
Oct-18,-4.611469705,-8.329905567,-4.684890789,0.708101033,-1.004244998,-3.025089772
Nov-18,-3.992035959,2.672786203,3.875916637,0.782971096,1.233792922,0.28967738
Dec-18,2.465310494,0.377560618,-0.533493456,2.494499286,1.162863018,2.59178875
Jan-19,-8.47652366,1.31071723,-1.702937196,-8.46199071,-7.128080306,-5.653465448
Feb-19,1.824208712,0.228318442,0.044657521,-5.909669065,-3.750762739,-2.206795157
Mar-19,7.47516964,8.672981668,4.038955481,6.976122648,10.27633491,8.680141279
Apr-19,-1.167454331,0.301214542,2.131426988,-2.307209076,-2.875416883,-1.828205487
May-19,-1.966895233,-1.738546508,-0.03243838,-0.544622446,2.589265635,-0.03911509
Jun-19,-1.979866167,-2.788417693,-0.574824916,-10.6157497,-6.615712589,-5.042774165
Jul-19,-14.02572161,-7.059813367,-3.988535688,-15.10319882,-11.79480195,-12.36315449
Aug-19,-11.1179782,0.283912347,1.970506389,-6.327497077,-2.996062671,0.135137567
Sep-19,6.27693681,6.817888502,3.835193432,6.559727262,4.240117251,5.518768036
Oct-19,1.952248074,6.870351573,4.158552107,-0.489628559,1.412403264,2.35189203
Nov-19,6.99746703,1.779276954,-2.969592456,-0.969199689,-1.775675705,-1.018525423
Dec-19,2.396814436,-0.760368071,0.41174781,-1.741282987,-0.128351667,0.613850377
Jan-20,-4.839388385,-3.199481277,2.505667037,7.380275116,6.051697421,6.635189405
Feb-20,-15.50522725,-7.583925034,-4.665309893,-12.80558606,-10.92244919,-5.907344955
Mar-20,-28.76346377,-20.17434255,-15.55625312,-31.64380397,-33.34059015,-30.85978487
Apr-20,18.17413223,21.20067056,11.24067228,24.66806416,18.99247008,15.97430088
May-20,5.09290653,1.848587235,0.479183939,-4.450812286,-1.118991482,-1.7095301
Jun-20,17.94457443,10.2470112,5.190899673,30.04020517,21.20746313,12.89410963
Jul-20,3.105165465,11.09981679,6.820624885,0.549768857,5.616319604,5.924780501
Aug-20,12.23863142,1.82175846,2.45740366,13.84062918,12.09487921,13.27826068
Sep-20,-8.993319075,-5.118143765,4.035356322,-3.214627341,-1.202738346,1.521759
Oct-20,-4.341310679,2.199167201,0.797877471,1.275138644,-0.079622302,-1.148876958
Nov-20,26.86997462,14.89430829,5.52505929,10.93781638,12.94080186,10.58695633
Dec-20,17.55574052,6.787928973,7.851497596,19.37772154,11.29164123,7.650729344
Jan-21,-5.379839501,2.970440435,-0.750168218,-1.180608089,0.853534363,-0.497290651
Feb-21,28.51563807,14.2820886,4.323403239,11.8098046,10.90451606,11.41510729
Mar-21,1.466698907,1.966033773,3.941944053,-1.449931244,0.538059009,0.243293742
Apr-21,16.74706657,3.197330408,0.269086423,9.976367022,7.247713455,4.925468795
May-21,6.892447074,8.099732005,7.024624994,16.24667039,13.10202005,10.49356875
Jun-21,1.127594128,2.816007211,2.632344421,18.0726636,10.10536711,5.009616046
Jul-21,10.58714414,2.215559432,0.472174465,12.19160284,10.16747957,7.671081789
Aug-21,-0.314112194,0.058917089,8.819332288,-10.0021737,-3.764818392,-3.323080928
Sep-21,18.96887378,4.869824897,3.601178527,10.59777727,7.08777862,4.15771262
Oct-21,-0.418482302,-1.072953292,-1.103929694,1.624497042,-0.232186918,1.121951196
Nov-21,-3.474959465,-4.250076636,-0.301237756,0.578023699,-2.906398301,0.586080539
Dec-21,-1.470410907,4.106713068,3.685025383,13.26265132,5.760413314,5.498613435
Jan-22,12.6903422,2.346021547,-2.470412722,6.356145011,3.909904152,0.006758108
Feb-22,-5.064603776,-0.368865996,-3.367505831,-11.1985077,-9.571979195,-8.412102793
Mar-22,2.276636093,4.940331736,4.989301975,8.750458306,6.115267328,4.442113258
Apr-22,5.071891594,0.697362383,1.364037119,6.661588332,5.585358766,1.679460865
May-22,-4.96135945,-9.606075207,-5.392265507,-12.43672944,-9.257469704,-7.660167821
Jun-22,-4.271732864,-11.66957939,-3.713088693,-9.739688912,-5.121275134,-4.552168326
Jul-22,-1.636235307,12.57554757,8.919262821,11.11424684,8.531568841,7.615929302
Aug-22,6.387121579,7.054056132,5.060853725,9.057974749,8.357019426,5.012798896
Sep-22,-5.566859565,-5.475311826,-2.438636316,-2.051398128,-0.868352832,-0.705802615
Oct-22,6.076800138,5.594518735,1.474684692,2.358447392,2.47899539,0.56413086
Nov-22,6.719454072,5.16632528,1.697621364,7.070389452,4.226544801,1.063403873
Dec-22,0.080326566,-3.713719462,-4.169317891,-0.905517113,-0.586765817,-1.854779934
Jan-23,3.032066052,-3.829997779,-5.132398212,-2.118598031,-1.610075624,-1.262245612
Feb-23,-1.727987169,-2.511190741,-6.13013616,-8.172825277,-4.736958308,-4.388050891
Mar-23,2.098556395,0.973265589,1.289017828,-0.590080327,-1.07425663,-1.457195163
Apr-23,3.816042995,5.555563793,3.06604719,14.08887085,9.371518956,8.584914519
May-23,1.260429662,1.634499952,5.638324592,5.257890821,5.38249135,4.385265942
Jun-23,5.276075461,5.848691039,3.453827693,8.504422424,9.3614982,7.436271924
Jul-23,11.4785809,7.690926914,2.494541849,11.62610993,10.30443742,6.352516845
Aug-23,-0.759197921,-1.28682423,0.118081094,10.54313372,8.59715888,5.424678541
Sep-23,6.434825353,1.758616901,2.353306017,4.902753814,1.595520289,-0.696838603
Oct-23,-4.763152844,-2.794902242,-2.446599153,0.601973781,-0.047342452,-1.227112941
Nov-23,15.13539695,7.588818732,7.439461089,9.93081652,9.785722789,6.600780389
Dec-23,14.23374625,9.441351203,8.623027026,6.373827734,6.786839914,3.481858869
Jan-24,15.3740191,6.961111199,2.023536954,13.28793983,10.42599627,6.345051961
Feb-24,5.834731807,3.244497239,2.27741262,-2.829260044,-1.028513742,0.243235656
Mar-24,2.752423507,0.957327896,0.475896788,-6.750847174,-6.790200185,-5.711408486
Apr-24,6.950721427,5.301155982,2.179506394,13.93439214,12.9743496,9.25708663
May-24,-0.658909315,1.472155097,3.070983208,-3.698102867,-0.663667914,-1.7532856
Jun-24,2.055212423,8.442382554,6.096754483,11.09271405,11.46516408,10.66454843
Jul-24,11.05800915,3.346031064,5.963268951,9.182795521,8.969550317,5.176392534
Aug-24,-1.646125688,0.004344266,0.56975972,0.74920394,2.748470076,1.07581506
Sep-24,0.231958279,2.055125815,2.013594066,0.939290949,-0.081444421,0.426477236
Oct-24,-13.25663284,-8.350712597,-7.238162112,-4.675863944,-3.429180424,-2.176073897
Nov-24,-1.917342781,-1.062945161,-0.147872169,1.249341345,0.744794435,1.470298902
Dec-24,-2.879175002,-2.002967196,-1.436318426,-0.371545931,-0.345042299,0.033598174
Jan-25,-2.492863334,-1.678361415,-4.50357353,-8.449284551,-10.31085797,-8.718217992
Feb-25,-9.812304135,-7.914120347,-10.83155122,-17.09886308,-14.58610435,-15.88922687
Mar-25,13.46181118,7.720767638,7.483079581,4.803009654,6.787441362,5.707909002
